datetime,function,payer,receiver,days,net_frac,cpu_frac,max_payment,queue_max
2021-01-01T19:00:00,configrentbw,test.json,0,0,0,0,0,0
2021-01-02T19:00:00,rentbw,aaaaaaaaaaaa,aaaaaaaaaaaa,30,18347551124112,18347551124112,5000000.0001,0
2021-01-03T19:00:00,rentbw,aaaaaaaaaaaa,aaaaaaaaaaaa,30,17817421909832,17817421909832,5000000.0001,0
2021-01-04T19:00:00,rentbw,aaaaaaaaaaaa,aaaaaaaaaaaa,30,11082104937228,11082104937228,5000000.0001,0
2021-01-05T19:00:00,rentbw,aaaaaaaaaaaa,aaaaaaaaaaaa,30,13933074757614,13933074757614,5000000.0001,0
2021-01-06T19:00:00,rentbw,aaaaaaaaaaaa,aaaaaaaaaaaa,30,11972414795427,11972414795427,5000000.0001,0
2021-01-07T19:00:00,rentbw,aaaaaaaaaaaa,aaaaaaaaaaaa,30,16484648465389,16484648465389,5000000.0001,0
2021-01-08T19:00:00,rentbw,aaaaaaaaaaaa,aaaaaaaaaaaa,30,18805805721049,18805805721049,5000000.0001,0
2021-01-09T19:00:00,rentbw,aaaaaaaaaaaa,aaaaaaaaaaaa,30,12784535670990,12784535670990,5000000.0001,0
2021-01-10T19:00:00,rentbw,aaaaaaaaaaaa,aaaaaaaaaaaa,30,16093028734983,16093028734983,5000000.0001,0
2021-01-11T19:00:00,rentbw,aaaaaaaaaaaa,aaaaaaaaaaaa,30,18870457129588,18870457129588,5000000.0001,0
2021-01-12T19:00:00,rentbw,aaaaaaaaaaaa,aaaaaaaaaaaa,30,17515003701961,17515003701961,5000000.0001,0
2021-01-13T19:00:00,rentbw,aaaaaaaaaaaa,aaaaaaaaaaaa,30,15539281251967,15539281251967,5000000.0001,0
2021-01-14T19:00:00,rentbw,aaaaaaaaaaaa,aaaaaaaaaaaa,30,11042218921878,11042218921878,5000000.0001,0
2021-01-15T19:00:00,rentbw,aaaaaaaaaaaa,aaaaaaaaaaaa,30,19611672119229,19611672119229,5000000.0001,0
2021-01-16T19:00:00,rentbw,aaaaaaaaaaaa,aaaaaaaaaaaa,30,15228924878199,15228924878199,5000000.0001,0
2021-01-17T19:00:00,rentbw,aaaaaaaaaaaa,aaaaaaaaaaaa,30,18373706321567,18373706321567,5000000.0001,0
2021-01-18T19:00:00,rentbw,aaaaaaaaaaaa,aaaaaaaaaaaa,30,15039690078875,15039690078875,5000000.0001,0
2021-01-19T19:00:00,rentbw,aaaaaaaaaaaa,aaaaaaaaaaaa,30,19498486699988,19498486699988,5000000.0001,0
2021-01-20T19:00:00,rentbw,aaaaaaaaaaaa,aaaaaaaaaaaa,30,12461315578796,12461315578796,5000000.0001,0
2021-01-21T19:00:00,rentbw,aaaaaaaaaaaa,aaaaaaaaaaaa,30,16373900509729,16373900509729,5000000.0001,0
2021-01-22T19:00:00,rentbw,aaaaaaaaaaaa,aaaaaaaaaaaa,30,13111069202806,13111069202806,5000000.0001,0
2021-01-23T19:00:00,rentbw,aaaaaaaaaaaa,aaaaaaaaaaaa,30,11677228630079,11677228630079,5000000.0001,0
2021-01-24T19:00:00,rentbw,aaaaaaaaaaaa,aaaaaaaaaaaa,30,18305780722863,18305780722863,5000000.0001,0
2021-01-25T19:00:00,rentbw,aaaaaaaaaaaa,aaaaaaaaaaaa,30,18456835924273,18456835924273,5000000.0001,0
2021-01-26T19:00:00,rentbw,aaaaaaaaaaaa,aaaaaaaaaaaa,30,10835548751964,10835548751964,5000000.0001,0
2021-01-27T19:00:00,rentbw,aaaaaaaaaaaa,aaaaaaaaaaaa,30,14818636116287,14818636116287,5000000.0001,0
2021-01-28T19:00:00,rentbw,aaaaaaaaaaaa,aaaaaaaaaaaa,30,15040884830264,15040884830264,5000000.0001,0
2021-01-29T19:00:00,rentbw,aaaaaaaaaaaa,aaaaaaaaaaaa,30,13409341797932,13409341797932,5000000.0001,0
2021-01-30T19:00:00,rentbw,aaaaaaaaaaaa,aaaaaaaaaaaa,30,10274887705178,10274887705178,5000000.0001,0
2021-01-31T19:00:00,rentbw,aaaaaaaaaaaa,aaaaaaaaaaaa,30,18603642205501,18603642205501,5000000.0001,0
2021-02-01T19:00:00,rentbw,aaaaaaaaaaaa,aaaaaaaaaaaa,30,15534780188567,15534780188567,5000000.0001,0
2021-02-02T19:00:00,rentbw,aaaaaaaaaaaa,aaaaaaaaaaaa,30,16895604969567,16895604969567,5000000.0001,0
2021-02-03T19:00:00,rentbw,aaaaaaaaaaaa,aaaaaaaaaaaa,30,13350604783896,13350604783896,5000000.0001,0
2021-02-04T19:00:00,rentbw,aaaaaaaaaaaa,aaaaaaaaaaaa,30,10427677172182,10427677172182,5000000.0001,0
2021-02-05T19:00:00,rentbw,aaaaaaaaaaaa,aaaaaaaaaaaa,30,11479861846602,11479861846602,5000000.0001,0
2021-02-06T19:00:00,rentbw,aaaaaaaaaaaa,aaaaaaaaaaaa,30,18298630057366,18298630057366,5000000.0001,0
2021-02-07T19:00:00,rentbw,aaaaaaaaaaaa,aaaaaaaaaaaa,30,16835835128806,16835835128806,5000000.0001,0
2021-02-08T19:00:00,rentbw,aaaaaaaaaaaa,aaaaaaaaaaaa,30,16309037660267,16309037660267,5000000.0001,0
2021-02-09T19:00:00,rentbw,aaaaaaaaaaaa,aaaaaaaaaaaa,30,11384847172981,11384847172981,5000000.0001,0
2021-02-10T19:00:00,rentbw,aaaaaaaaaaaa,aaaaaaaaaaaa,30,14090590592580,14090590592580,5000000.0001,0
2021-02-11T19:00:00,rentbw,aaaaaaaaaaaa,aaaaaaaaaaaa,30,15174717822861,15174717822861,5000000.0001,0
2021-02-12T19:00:00,rentbw,aaaaaaaaaaaa,aaaaaaaaaaaa,30,12741176441137,12741176441137,5000000.0001,0
2021-02-13T19:00:00,rentbw,aaaaaaaaaaaa,aaaaaaaaaaaa,30,16360385299337,16360385299337,5000000.0001,0
2021-02-14T19:00:00,rentbw,aaaaaaaaaaaa,aaaaaaaaaaaa,30,11587262782043,11587262782043,5000000.0001,0
2021-02-15T19:00:00,rentbw,aaaaaaaaaaaa,aaaaaaaaaaaa,30,19708277554265,19708277554265,5000000.0001,0
2021-02-16T19:00:00,rentbw,aaaaaaaaaaaa,aaaaaaaaaaaa,30,18137547725827,18137547725827,5000000.0001,0
2021-02-17T19:00:00,rentbw,aaaaaaaaaaaa,aaaaaaaaaaaa,30,14281614410780,14281614410780,5000000.0001,0
2021-02-18T19:00:00,rentbw,aaaaaaaaaaaa,aaaaaaaaaaaa,30,11404471398229,11404471398229,5000000.0001,0
2021-02-19T19:00:00,rentbw,aaaaaaaaaaaa,aaaaaaaaaaaa,30,19230105410777,19230105410777,5000000.0001,0
2021-02-20T19:00:00,rentbw,aaaaaaaaaaaa,aaaaaaaaaaaa,30,18158517330342,18158517330342,5000000.0001,0
2021-02-21T19:00:00,rentbw,aaaaaaaaaaaa,aaaaaaaaaaaa,30,16129199370212,16129199370212,5000000.0001,0
2021-02-22T19:00:00,rentbw,aaaaaaaaaaaa,aaaaaaaaaaaa,30,19993567725929,19993567725929,5000000.0001,0
2021-02-23T19:00:00,rentbw,aaaaaaaaaaaa,aaaaaaaaaaaa,30,14777688071674,14777688071674,5000000.0001,0
2021-02-24T19:00:00,rentbw,aaaaaaaaaaaa,aaaaaaaaaaaa,30,16809540964481,16809540964481,5000000.0001,0
2021-02-25T19:00:00,rentbw,aaaaaaaaaaaa,aaaaaaaaaaaa,30,14020164981364,14020164981364,5000000.0001,0
2021-02-26T19:00:00,rentbw,aaaaaaaaaaaa,aaaaaaaaaaaa,30,19639394335278,19639394335278,5000000.0001,0
2021-02-27T19:00:00,rentbw,aaaaaaaaaaaa,aaaaaaaaaaaa,30,18682331023437,18682331023437,5000000.0001,0
2021-02-28T19:00:00,rentbw,aaaaaaaaaaaa,aaaaaaaaaaaa,30,16361149748735,16361149748735,5000000.0001,0
2021-03-01T19:00:00,rentbw,aaaaaaaaaaaa,aaaaaaaaaaaa,30,11945240758500,11945240758500,5000000.0001,0
2021-03-02T19:00:00,rentbw,aaaaaaaaaaaa,aaaaaaaaaaaa,30,16024148900812,16024148900812,5000000.0001,0
2021-03-03T19:00:00,rentbw,aaaaaaaaaaaa,aaaaaaaaaaaa,30,13958813218148,13958813218148,5000000.0001,0
2021-03-04T19:00:00,rentbw,aaaaaaaaaaaa,aaaaaaaaaaaa,30,18386926801659,18386926801659,5000000.0001,0
2021-03-05T19:00:00,rentbw,aaaaaaaaaaaa,aaaaaaaaaaaa,30,10551755811506,10551755811506,5000000.0001,0
2021-03-06T19:00:00,rentbw,aaaaaaaaaaaa,aaaaaaaaaaaa,30,10529780911752,10529780911752,5000000.0001,0
2021-03-07T19:00:00,rentbw,aaaaaaaaaaaa,aaaaaaaaaaaa,30,10895672933931,10895672933931,5000000.0001,0
2021-03-08T19:00:00,rentbw,aaaaaaaaaaaa,aaaaaaaaaaaa,30,17204542874760,17204542874760,5000000.0001,0
2021-03-09T19:00:00,rentbw,aaaaaaaaaaaa,aaaaaaaaaaaa,30,18840042743384,18840042743384,5000000.0001,0
2021-03-10T19:00:00,rentbw,aaaaaaaaaaaa,aaaaaaaaaaaa,30,12614925124588,12614925124588,5000000.0001,0
2021-03-11T19:00:00,rentbw,aaaaaaaaaaaa,aaaaaaaaaaaa,30,18843864463914,18843864463914,5000000.0001,0
2021-03-12T19:00:00,rentbw,aaaaaaaaaaaa,aaaaaaaaaaaa,30,11757280634966,11757280634966,5000000.0001,0
2021-03-13T19:00:00,rentbw,aaaaaaaaaaaa,aaaaaaaaaaaa,30,16152688375011,16152688375011,5000000.0001,0
2021-03-14T19:00:00,rentbw,aaaaaaaaaaaa,aaaaaaaaaaaa,30,18545541123565,18545541123565,5000000.0001,0
2021-03-15T19:00:00,rentbw,aaaaaaaaaaaa,aaaaaaaaaaaa,30,16514316482419,16514316482419,5000000.0001,0
2021-03-16T19:00:00,rentbw,aaaaaaaaaaaa,aaaaaaaaaaaa,30,12081675542449,12081675542449,5000000.0001,0
2021-03-17T19:00:00,rentbw,aaaaaaaaaaaa,aaaaaaaaaaaa,30,14507970609647,14507970609647,5000000.0001,0
2021-03-18T19:00:00,rentbw,aaaaaaaaaaaa,aaaaaaaaaaaa,30,12802922623389,12802922623389,5000000.0001,0
2021-03-19T19:00:00,rentbw,aaaaaaaaaaaa,aaaaaaaaaaaa,30,16676283885951,16676283885951,5000000.0001,0
2021-03-20T19:00:00,rentbw,aaaaaaaaaaaa,aaaaaaaaaaaa,30,12548679903234,12548679903234,5000000.0001,0
2021-03-21T19:00:00,rentbw,aaaaaaaaaaaa,aaaaaaaaaaaa,30,11871663016113,11871663016113,5000000.0001,0
2021-03-22T19:00:00,rentbw,aaaaaaaaaaaa,aaaaaaaaaaaa,30,17652319020516,17652319020516,5000000.0001,0
2021-03-23T19:00:00,rentbw,aaaaaaaaaaaa,aaaaaaaaaaaa,30,19010724530797,19010724530797,5000000.0001,0
2021-03-24T19:00:00,rentbw,aaaaaaaaaaaa,aaaaaaaaaaaa,30,13783673701732,13783673701732,5000000.0001,0
2021-03-25T19:00:00,rentbw,aaaaaaaaaaaa,aaaaaaaaaaaa,30,18710484387071,18710484387071,5000000.0001,0
2021-03-26T19:00:00,rentbw,aaaaaaaaaaaa,aaaaaaaaaaaa,30,12228955380518,12228955380518,5000000.0001,0
2021-03-27T19:00:00,rentbw,aaaaaaaaaaaa,aaaaaaaaaaaa,30,15726403951438,15726403951438,5000000.0001,0
2021-03-28T19:00:00,rentbw,aaaaaaaaaaaa,aaaaaaaaaaaa,30,12687882865134,12687882865134,5000000.0001,0
2021-03-29T19:00:00,rentbw,aaaaaaaaaaaa,aaaaaaaaaaaa,30,15001564263475,15001564263475,5000000.0001,0
2021-03-30T19:00:00,rentbw,aaaaaaaaaaaa,aaaaaaaaaaaa,30,13937199110019,13937199110019,5000000.0001,0
2021-03-31T19:00:00,rentbw,aaaaaaaaaaaa,aaaaaaaaaaaa,30,17524001587622,17524001587622,5000000.0001,0
2021-04-01T19:00:00,rentbw,aaaaaaaaaaaa,aaaaaaaaaaaa,30,15026857290538,15026857290538,5000000.0001,0
2021-04-02T19:00:00,rentbw,aaaaaaaaaaaa,aaaaaaaaaaaa,30,11870411553707,11870411553707,5000000.0001,0
2021-04-03T19:00:00,rentbw,aaaaaaaaaaaa,aaaaaaaaaaaa,30,16947494939102,16947494939102,5000000.0001,0
2021-04-04T19:00:00,rentbw,aaaaaaaaaaaa,aaaaaaaaaaaa,30,12919263584945,12919263584945,5000000.0001,0
2021-04-05T19:00:00,rentbw,aaaaaaaaaaaa,aaaaaaaaaaaa,30,14882896207968,14882896207968,5000000.0001,0
2021-04-06T19:00:00,rentbw,aaaaaaaaaaaa,aaaaaaaaaaaa,30,18745695339203,18745695339203,5000000.0001,0
2021-04-07T19:00:00,rentbw,aaaaaaaaaaaa,aaaaaaaaaaaa,30,19243558258498,19243558258498,5000000.0001,0
2021-04-08T19:00:00,rentbw,aaaaaaaaaaaa,aaaaaaaaaaaa,30,19250789619366,19250789619366,5000000.0001,0
2021-04-09T19:00:00,rentbw,aaaaaaaaaaaa,aaaaaaaaaaaa,30,13335885087279,13335885087279,5000000.0001,0
2021-04-10T19:00:00,rentbw,aaaaaaaaaaaa,aaaaaaaaaaaa,30,11384225502537,11384225502537,5000000.0001,0
2021-04-11T19:00:00,rentbw,aaaaaaaaaaaa,aaaaaaaaaaaa,30,10647738854339,10647738854339,5000000.0001,0
